[
 {"model": "m12.CoTyp","pk": 1,"fields":{"cotyp":"0","cotypp":"Εταιρία"}},
 {"model": "m12.CoTyp","pk": 2,"fields":{"cotyp":"1","cotypp":"Φυσικό πρόσωπο"}},
 {"model": "m12.Dimino","pk": 1,"fields":{"dimp": "1ο Δίμηνο (Ιανουάριος - Φεβρουάριος)"}},
 {"model": "m12.Dimino","pk": 2,"fields":{"dimp": "2ο Δίμηνο (Μάρτιος - Απρίλιος)"}},
 {"model": "m12.Dimino","pk": 3,"fields":{"dimp": "3ο Δίμηνο (Μάϊος - Ιούνιος)"}},
 {"model": "m12.Dimino","pk": 4,"fields":{"dimp": "4ο Δίμηνο (Ιούλιος - Αύγουστος)"}},
 {"model": "m12.Dimino","pk": 5,"fields":{"dimp": "5ο Δίμηνο (Σεπτέμβριος - Οκτώβριος)"}},
 {"model": "m12.Dimino","pk": 6,"fields":{"dimp": "6ο Δίμηνο (Νοέμβριος - Δεκέμβριος)"}},
 {"model": "m12.Trimino","pk": 1,"fields":{"trimp": "1ο Τρίμηνο (Ιαν-Φεβ-Μαρτ)" ,"perapo": "01","pereos":"03"}},
 {"model": "m12.Trimino","pk": 2,"fields":{"trimp": "2ο Τρίμηνο (Απρ-Μαι-Ιουν)" ,"perapo": "04","pereos":"06"}},
 {"model": "m12.Trimino","pk": 3,"fields":{"trimp": "3ο Τρίμηνο (Ιουλ-Αυγ-Σεπτ)","perapo": "07","pereos":"09"}},
 {"model": "m12.Trimino","pk": 4,"fields":{"trimp": "4ο Τρίμηνο (Οκτ-Νοε-Δεκ)"  ,"perapo": "10","pereos":"12"}},
 {"model": "m12.Period","pk": 1,"fields":{"period": "01","periodp": "Ιανουάριος","dimino":1,"trimino":1}},
 {"model": "m12.Period","pk": 2,"fields":{"period": "02","periodp": "Φεβρουάριος","dimino":1,"trimino":1}},
 {"model": "m12.Period","pk": 3,"fields":{"period": "03","periodp": "Μάρτιος","dimino":2,"trimino":1}},
 {"model": "m12.Period","pk": 4,"fields":{"period": "04","periodp": "Απρίλιος","dimino":2,"trimino":2}},
 {"model": "m12.Period","pk": 5,"fields":{"period": "05","periodp": "Μάϊος","dimino":3,"trimino":2}},
 {"model": "m12.Period","pk": 6,"fields":{"period": "06","periodp": "Ιούνιος","dimino":3,"trimino":2}},
 {"model": "m12.Period","pk": 7,"fields":{"period": "07","periodp": "Ιούλιος","dimino":4,"trimino":3}},
 {"model": "m12.Period","pk": 8,"fields":{"period": "08","periodp": "Αύγουστος","dimino":4,"trimino":3}},
 {"model": "m12.Period","pk": 9,"fields":{"period": "09","periodp": "Σεπτέμβριος","dimino":5,"trimino":3}},
 {"model": "m12.Period","pk":10,"fields":{"period": "10","periodp": "Οκτώβριος","dimino":5,"trimino":4}},
 {"model": "m12.Period","pk":11,"fields":{"period": "11","periodp": "Νοέμβριος","dimino":6,"trimino":4}},
 {"model": "m12.Period","pk":12,"fields":{"period": "12","periodp": "Δεκέμβριος","dimino":6,"trimino":4}},
 {"model": "m12.Mxr","pk": 1,"fields":{"mxrp":"Ημέρες"}},
 {"model": "m12.Mxr","pk": 2,"fields":{"mxrp":"Ωρες"}},
 {"model": "m12.Sex","pk": 0,"fields":{"sexp":"Άνδρας"}},
 {"model": "m12.Sex","pk": 1,"fields":{"sexp":"Γυναίκα"}},
 {"model": "m12.Symtyp","pk": 1,"fields":{"symtyp":"ΑΟΡΙΣΤΟΥ ΧΡΟΝΟΥ","olerg":"True"}},
 {"model": "m12.Symtyp","pk": 2,"fields":{"symtyp":"ΜΕΡΙΚΗΣ ΑΠΑΣΧΟΛΗΣΗΣ","olerg":"False"}}, 
 {"model": "m12.Mist","pk": 1,"fields":{"mistp":"Τακτικές αποδοχές"}},
 {"model": "m12.Mist","pk": 2,"fields":{"mistp":"Αποδοχές υπαλλήλων ΝΠΔΔ κλπ."}},
 {"model": "m12.Mist","pk": 3,"fields":{"mistp":"Δώρο Χριστουγέννων"}},
 {"model": "m12.Mist","pk": 4,"fields":{"mistp":"Δώρο Πάσχα"}},
 {"model": "m12.Mist","pk": 5,"fields":{"mistp":"Επίδομα αδείας"}},
 {"model": "m12.Mist","pk": 6,"fields":{"mistp":"Επίδομα ισολογισμού"}},
 {"model": "m12.Mist","pk": 7,"fields":{"mistp":"Αποδοχές αδειών εποχικά απασχ/νων Ξενοδ/λων"}},
 {"model": "m12.Mist","pk": 8,"fields":{"mistp":"Αποδοχές ασθενείας"}},
 {"model": "m12.Mist","pk": 9,"fields":{"mistp":"Αναδρομικές αποδοχές"}},
 {"model": "m12.Mist","pk":10,"fields":{"mistp":"Bonus"}},
 {"model": "m12.Mist","pk":11,"fields":{"mistp":"Υπερωρίες"}},
 {"model": "m12.Mist","pk":12,"fields":{"mistp":"Αμοιβή με το κομμάτι (Φασόν)"}},
 {"model": "m12.Mist","pk":13,"fields":{"mistp":"Τεκμαρτές αποδοχές"}},
 {"model": "m12.Mist","pk":14,"fields":{"mistp":"Λοιπές αποδοχές"}},
 {"model": "m12.Mist","pk":15,"fields":{"mistp":"Λοιπές αποδοχές για κλάδο ΕΤΕΑΜ"}},
 {"model": "m12.Mist","pk":16,"fields":{"mistp":"Αμοιβές κατ'αποκοπήν/ΕΦΑΠΑΞ"}},
 {"model": "m12.Mist","pk":17,"fields":{"mistp":"Εισφορές χωρίς αποδοχές"}},
 {"model": "m12.Mist","pk":18,"fields":{"mistp":"Κανονικές αποδοχές πληρ/των Μεσογ τουρ πλοίων"}},
 {"model": "m12.Mist","pk":19,"fields":{"mistp":"Αποδοχές αδείας πληρ/των Μεσογ τουρ πλοίων"}},
 {"model": "m12.Mist","pk":20,"fields":{"mistp":"Αποδοχές ασφαλιζομένων στο ΕΤΕΑΜ"}},
 {"model": "m12.Ptyp","pk": 1,"fields":{"ptypp":"Κανονικές εργάσιμες","mxr": 1}},
 {"model": "m12.Ptyp","pk": 2,"fields":{"ptypp":"Κανονική άδεια","mxr": 1}},
 {"model": "m12.Ptyp","pk": 3,"fields":{"ptypp":"Λοιπές άδειες με αποδοχές","mxr": 1}},
 {"model": "m12.Ptyp","pk": 4,"fields":{"ptypp":"Αδικαιολόγητη απουσία","mxr": 1}},
 {"model": "m12.Ptyp","pk": 5,"fields":{"ptypp":"Άδεια χωρίς αποδοχές","mxr": 1}},
 {"model": "m12.Ptyp","pk": 6,"fields":{"ptypp":"Ασθένεια < 3","mxr": 1}},
 {"model": "m12.Ptyp","pk": 7,"fields":{"ptypp":"Ασθένεια > 3","mxr": 1}},
 {"model": "m12.Ptyp","pk": 8,"fields":{"ptypp":"Υπερωρίες","mxr": 2}},
 {"model": "m12.Ptyp","pk": 9,"fields":{"ptypp":"Υπερεργασία","mxr": 2}},
 {"model": "m12.Ptyp","pk":10,"fields":{"ptypp":"Κυριακές-Αργίες","mxr": 1}},
 {"model": "m12.Ptyp","pk":11,"fields":{"ptypp":"Νυχτερινή προσαύξηση","mxr": 2}},
 {"model": "m12.Aptyp","pk": 1,"fields":{"aptypp":"Μισθός"}},
 {"model": "m12.Aptyp","pk": 2,"fields":{"aptypp":"Ημερομίσθιο"}},
 {"model": "m12.Aptyp","pk": 3,"fields":{"aptypp":"Ωρομίσθιο"}},
 {"model": "m12.Mtyp","pk": 1,"fields":{"mtypp":"Ημέρες εργασίας"}},
 {"model": "m12.Mtyp","pk": 2,"fields":{"mtypp":"Ημέρες Κανονικής Αδείας"}},
 {"model": "m12.Mtyp","pk": 3,"fields":{"mtypp":"Ημέρες Ασθένειας μικρ.3"}},
 {"model": "m12.Mtyp","pk": 4,"fields":{"mtypp":"Ημέρες Ασθένειας μεγ.3"}},
 {"model": "m12.Mtyp","pk": 5,"fields":{"mtypp":"Ημέρες αδικαιολόγητης απουσίας"}},
 {"model": "m12.Mtyp","pk": 6,"fields":{"mtypp":"Ημέρες Κυριακών Εορτών"}},
 {"model": "m12.Mtyp","pk": 20,"fields":{"mtypp":"Υπερωρίες"}},
 {"model": "m12.Mtyp","pk": 21,"fields":{"mtypp":"Ώρες Νυχτερινής προσαύξησης"}},
 {"model": "m12.Mtyp","pk": 100,"fields":{"mtypp":"Ημερομίσθιο"}},
 {"model": "m12.Mtyp","pk": 101,"fields":{"mtypp":"Μισθός"}},
 {"model": "m12.Mtyp","pk": 109,"fields":{"mtypp":"Ημέρες για υπολογισμό"}},
 {"model": "m12.Mtyp","pk": 110,"fields":{"mtypp":"Ημέρες ΙΚΑ"}},
 {"model": "m12.Mtyp","pk": 200,"fields":{"mtypp":"Αποδοχές Περιόδου"}},
 {"model": "m12.Mtyp","pk": 500,"fields":{"mtypp":"ΙΚΑ εργαζόμενος"}},
 {"model": "m12.Mtyp","pk": 501,"fields":{"mtypp":"ΙΚΑ εργοδότης"}},
 {"model": "m12.Mtyp","pk": 502,"fields":{"mtypp":"ΙΚΑ αποδωτέο"}},
 {"model": "m12.Mtyp","pk": 503,"fields":{"mtypp":"Τύπος Αποδοχών"}},
 {"model": "m12.Mtyp","pk": 504,"fields":{"mtypp":"ΚΠΚ"}},
 {"model": "m12.Mtyp","pk": 505,"fields":{"mtypp":"Ποσοστό ΙΚΑ εργαζομένου"}},
 {"model": "m12.Mtyp","pk": 506,"fields":{"mtypp":"Ποσοστό ΙΚΑ"}},  
 {"model": "m12.Mtyp","pk": 599,"fields":{"mtypp":"Φορολογητέο"}},
 {"model": "m12.Mtyp","pk": 600,"fields":{"mtypp":"ΦΜΥ που παρακρατήθηκε"}},
 {"model": "m12.Mtyp","pk": 601,"fields":{"mtypp":"ΦΜΥ που αναλογεί"}},
 {"model": "m12.Mtyp","pk": 610,"fields":{"mtypp":"Ειδικό επίδομα αλληλεγγύης"}},
 {"model": "m12.Mtyp","pk": 700,"fields":{"mtypp":"Συνολικές κρατήσεις εργαζομένου"}},
 {"model": "m12.Mtyp","pk": 900,"fields":{"mtypp":"Πληρωτέο σε εργαζόμενο"}}
]